index	label	token_id
0	AB	3066
1	BA	6552
2	CB	26204
3	DA	7172
4	EC	5856
5	FA	4815
6	GA	10032
7	HA	14983
8	IA	5299
9	JA	32698
10	KA	26574
11	LA	11319
12	MA	4868
13	NA	4383
14	OB	10209
15	PA	6597
16	QA	42958
17	RA	4428
18	SB	32118
19	TA	8121
20	UB	10669
21	VA	13422
22	WA	14015
23	XA	174666
24	YA	49011
25	ZA	40205
26	AD	2466
27	BB	20804
28	CD	6329
29	DB	6270
30	ED	2413
31	FB	38131
32	GB	8242
33	HB	61026
34	IB	7692
35	JB	85752
36	KB	39773
37	LC	11234
38	MB	11792
39	NB	31140
40	OC	4340
41	PD	14346
42	QB	175388
43	RC	15247
44	SD	8209
45	TB	40352
46	UC	13551
47	VB	65626
48	WB	43121
49	XB	105596
50	YC	112830
51	ZC	135897
52	AF	11558
53	BC	5901
54	CF	13880
55	DC	12622
56	EF	28135
57	FC	11962
58	GC	11925
59	HC	24084
60	IC	2011
61	JC	70923
62	KE	11998
63	LD	19749
64	ME	7273
65	NC	10284
66	OD	3253
67	PE	4110
68	QC	67442
69	RE	1357
70	SE	1989
71	TC	11666
72	UD	9135
73	VC	15191
74	WC	34485
75	XC	92732
76	YD	145821
77	ZD	121577
78	AG	2807
79	BD	11217
80	CG	17956
81	DD	21738
82	EG	63426
83	FE	17179
84	GE	8809
85	HD	14563
86	ID	1735
87	JD	49651
88	KG	61655
89	LE	1618
90	MF	18111
91	ND	2885
92	OF	19069
93	PF	30844
94	QD	109450
95	RF	33833
96	SF	31675
97	TE	5270
98	UE	4708
99	VD	15513
100	WD	31284
101	XD	118377
102	YE	66943
103	ZE	7942
104	AH	20211
105	BF	28671
106	CH	2293
107	DE	4070
108	EJ	102109
109	FF	5495
110	GF	15015
111	HE	2808
112	IF	6354
113	JE	40264
114	KH	67904
115	LF	43102
116	MG	31301
117	NE	6136
118	OG	3692
119	PG	19018
120	QE	129909
121	RG	37278
122	SH	7510
123	TG	65669
124	UG	14436
125	VE	11818
126	WE	11284
127	XE	144052
128	YG	146606
129	ZF	113442
130	AJ	57902
131	BG	54684
132	CJ	81265
133	DF	7332
134	EK	46570
135	FG	40807
136	GG	30389
137	HF	37030
138	IG	2996
139	JG	131192
140	KI	41410
141	LG	38158
142	MH	64240
143	NF	38531
144	OH	6973
145	PH	9402
146	QF	141650
147	RH	53708
148	SI	5491
149	TH	4989
150	UI	5920
151	VF	75741
152	WF	60573
153	XH	217844
154	YH	227933
155	ZH	83202
156	AK	9978
157	BH	48367
158	CK	20045
159	DH	54634
160	EL	3387
161	FI	8537
162	GH	32701
163	HH	40325
164	II	4490
165	JH	124501
166	KJ	172679
167	LI	22547
168	MI	12154
169	NG	14702
170	OJ	181472
171	PI	3516
172	QH	187241
173	RI	5610
174	SK	21775
175	TI	17578
176	UJ	176863
177	VG	97658
178	WG	98352
179	XI	69396
180	YK	142625
181	ZI	73173
182	AL	1565
183	BI	11526
184	CL	5094
185	DI	9982
186	EM	3158
187	FJ	191318
188	GI	17508
189	HI	26722
190	IJ	107007
191	JI	70243
192	KK	40797
193	LJ	199718
194	MJ	78645
195	NH	16014
196	OK	7676
197	PJ	99553
198	QI	121482
199	RJ	136559
200	SL	12747
201	TJ	179222
202	UK	17827
203	VI	14031
204	WH	21326
205	XK	230041
206	YL	64261
207	ZM	114705
208	AM	1936
209	BJ	127017
210	CM	10087
211	DJ	43793
212	EN	1439
213	FK	49512
214	GJ	118670
215	HJ	139168
216	IK	19994
217	JJ	80166
218	KL	37130
219	LL	2182
220	MK	56423
221	NJ	54222
222	OL	3769
223	PK	32436
224	QK	114699
225	RK	66677
226	SM	13215
227	TL	19193
228	UL	4057
229	VJ	224468
230	WI	29894
231	XL	49128
232	YM	152427
233	ZN	89387
234	AN	1536
235	BL	8017
236	CN	9353
237	DK	12536
238	EO	6864
239	FL	7750
240	GL	9179
241	HK	31581
242	IL	3334
243	JK	29351
244	KM	47488
245	LO	13062
246	ML	3620
247	NK	66359
248	OM	4206
249	PL	5672
250	QL	7555
251	RL	8407
252	SN	19763
253	TM	20008
254	UM	4200
255	VK	42017
256	WM	15378
257	XM	90295
258	YN	45339
259	ZO	62650
260	AP	2663
261	BM	16070
262	CO	2457
263	DN	48774
264	EP	13237
265	FN	32479
266	GM	24464
267	HL	17287
268	IM	2783
269	JM	67480
270	KN	43891
271	LP	21664
272	MM	8395
273	NN	13200
274	ON	1140
275	PM	10192
276	QM	101748
277	RN	36154
278	SP	6120
279	TO	6257
280	UN	3743
281	VM	19137
282	WO	24436
283	XO	110284
284	YO	67032
285	ZQ	201587
286	AQ	80055
287	BN	10589
288	CP	7618
289	DO	10009
290	EQ	38254
291	FO	12041
292	GN	36875
293	HO	10858
294	IN	1204
295	JO	27651
296	KO	31823
297	LQ	168863
298	MN	21241
299	NO	7018
300	OP	5228
301	PN	16739
302	QN	90229
303	RO	2073
304	SQ	39892
305	TP	7216
306	UP	6507
307	VN	97999
308	WP	49489
309	XP	66013
310	YP	185620
311	ZR	107527
312	AR	1425
313	BO	8791
314	CQ	85549
315	DP	10904
316	ER	1089
317	FQ	123622
318	GO	10677
319	HP	18835
320	IO	6462
321	JP	25086
322	KQ	149739
323	LR	27349
324	MP	5153
325	NS	6510
326	OR	1579
327	PO	4885
328	QP	59920
329	RP	11288
330	SR	4870
331	TR	6553
332	UR	2402
333	VO	23124
334	WQ	224042
335	XR	60216
336	YS	16649
337	ZS	142946
338	AT	1375
339	BQ	159610
340	CT	1692
341	DQ	137414
342	ES	1740
343	FR	11869
344	GP	23172
345	HQ	98264
346	IP	4012
347	JQ	185763
348	KS	14488
349	LS	15843
350	MQ	64452
351	NT	14341
352	OS	3354
353	PQ	83793
354	QQ	58093
355	RQ	139732
356	ST	1393
357	TS	5911
358	US	3118
359	VP	20134
360	WR	16877
361	XS	102489
362	YT	103637
363	ZT	115240
364	AU	22258
365	BS	5580
366	CU	33186
367	DR	7560
368	ET	2406
369	FT	7627
370	GQ	202788
371	HR	17372
372	IQ	79463
373	JR	85371
374	KT	38536
375	LT	35592
376	MR	9512
377	NU	39951
378	OT	2586
379	PR	7719
380	QR	38943
381	RS	12971
382	SU	13204
383	TV	14182
384	UT	2170
385	VQ	146578
386	WS	10124
387	XT	43635
388	YU	195427
389	ZU	166123
390	AV	7008
391	BU	8462
392	CV	20741
393	DS	8925
394	EU	30722
395	FU	44519
396	GR	11124
397	HS	11767
398	IR	3359
399	JS	21083
400	KU	82883
401	LU	29547
402	MS	5352
403	NV	47149
404	OU	7328
405	PT	7847
406	QS	49421
407	RU	69198
408	SV	51774
409	TW	47747
410	UU	58565
411	VR	25291
412	WT	27985
413	XV	91257
414	YW	115575
415	ZW	149729
416	AW	35066
417	BW	75007
418	CW	63746
419	DU	11965
420	EV	22486
421	FV	61688
422	GU	26943
423	HT	4080
424	IT	1768
425	JU	74158
426	KV	57137
427	LV	53844
428	MV	52048
429	NW	80382
430	OW	5130
431	PU	11152
432	QT	44359
433	RV	62004
434	SW	23729
435	TX	52468
436	UV	27898
437	VS	8394
438	WW	46489
439	XX	11002
440	YX	152119
441	ZX	97688
442	AX	26428
443	BX	121922
444	CX	82279
445	DW	42771
446	EX	2201
447	FW	27330
448	GV	60572
449	HW	47281
450	IV	3767
451	JV	93537
452	KW	85703
453	LX	122609
454	MW	19397
455	NX	107310
456	OX	85558
457	PV	32185
458	QU	10524
459	RW	73849
460	SY	26932
461	TY	20520
462	UX	31333
463	VT	49150
464	WX	155366
465	XY	20820
466	YY	33990
467	ZY	69683
468	AY	5790
469	BY	19470
470	CY	40736
471	DX	39399
472	EY	6594
473	FX	36991
474	GW	59141
475	HY	32207
476	IX	13399
477	JW	112054
478	KY	38354
479	LY	15062
480	MX	20074
481	NY	23551
482	OY	51784
483	PW	61203
484	QV	170536
485	RX	76633
486	SZ	127810
487	TZ	76845
488	UZ	65724
489	VV	96565
490	WY	84484
491	XZ	37446
492	YZ	65827
493	ZZ	48976
494	AZ	25862
495	BZ	153766
496	CZ	129399
497	DZ	164367
498	EZ	79526
499	FZ	175992
500	GY	34144
501	HZ	158347
502	IZ	14527
503	JZ	117930
504	KZ	180193
505	LZ	88876
506	MY	29214
507	NZ	82926
508	OZ	177892
509	PY	22965
510	QX	121517
511	RY	22897
